INSERT into customer(`id`, `age`, `email`, `gender`, `name`, `phone_number`)
  VALUES
(1,32,'l877d@gmail.com','M','Christ Stokes','827.001.7280'),
(2,27,'3ov5k@gmail.com','F','Dr. Eliza Leffler','131.123.9172'),
(3,14,'7yf6t@gmail.com','F','Mara Schroeder Sr.','735-177-8600'),
(4,32,'0d9ri@gmail.com','M','Melvin Zboncak','1-652-992-0952'),
(5,48,'io8fp@gmail.com','M','Dr. Max Stiedemann','1-159-666-5454'),
(6,7,'381sg@gmail.com','M','Lilyan Smith','(465) 556-4922'),
(7,11,'pl6q5@gmail.com','F','Moriah Smitham','006.563.9011'),
(8,23,'656g9@gmail.com','M','Miss Karl Smitham','731.511.7499'),
(9,24,'m580d@gmail.com','F','Dr. Jazmyne Corkery','352-948-6919'),
(10,12,'2x7hw@gmail.com','M','Jillian Morar','161.744.1417'),
(11,4,'2wa0f@gmail.com','F','Mr. Rahsaan Bins','1-018-897-7525'),
(12,29,'n16s8@gmail.com','M','Louie Sporer','528.868.7881'),
(13,29,'j6syp@gmail.com','M','Octavia Hackett','167-674-5552'),
(14,20,'nhj9z@gmail.com','F','Hillard McGlynn V','(789) 613-4818'),
(15,53,'bgokb@gmail.com','M','Reva Mills','(339) 449-0789'),
(16,41,'ngrcm@gmail.com','M','Dr. Adaline Steuber','919-558-7921'),
(17,49,'0w547@gmail.com','M','Mrs. Arielle Legros','1-018-204-1571'),
(18,53,'s9m4i@gmail.com','M','Prudence McCullough','309-655-2334'),
(19,39,'y3ff1@gmail.com','M','Frank Kiehn','183-175-5854'),
(20,46,'9ybzy@gmail.com','F','Annetta Nitzsche','142.415.4126'),
(21,1,'4224t@gmail.com','F','Anabelle Haag','982.763.7926'),
(22,11,'z7qoe@gmail.com','F','Selmer Rohan','(833) 255-3072'),
(23,7,'p9cwy@gmail.com','F','Allie Strosin','923-997-0522'),
(24,9,'63a9c@gmail.com','M','Ferne Ledner','1-928-326-4237'),
(25,43,'k9bvz@gmail.com','F','Jordane Abernathy','1-177-112-0619'),
(26,21,'02xa0@gmail.com','F','Filiberto Rutherford','(551) 675-7873'),
(27,37,'ryzsw@gmail.com','M','Miss Hadley Schowalter','178-606-3645'),
(28,50,'ie2kr@gmail.com','F','Nicolas Zboncak','(145) 895-7583'),
(29,19,'cw59j@gmail.com','M','Mallory Johnson','083-171-4844'),
(30,18,'bpj90@gmail.com','M','Jovany Adams','449.591.3482'),
(31,23,'anfcq@gmail.com','F','Paris Bayer','101-079-7920'),
(32,18,'cp4mh@gmail.com','F','Aniyah Hudson','(523) 910-4026'),
(33,1,'2y4ks@gmail.com','F','Casandra Wehner','(749) 269-8786'),
(34,28,'78iio@gmail.com','F','Dana Frami','418.526.9039'),
(35,12,'j5wfc@gmail.com','M','Shaun Konopelski','(857) 293-7497'),
(36,2,'tky6o@gmail.com','F','Velda Mosciski','098-966-2609'),
(37,47,'so4mc@gmail.com','M','Geovanny Reilly','(891) 640-0305'),
(38,5,'gczap@gmail.com','M','Andreanne Gibson V','766.739.5757'),
(39,1,'hbcw4@gmail.com','F','Halie Moore','908-432-2113'),
(40,33,'osi2y@gmail.com','F','Ms. Litzy Aufderhar','(287) 957-6991'),
(41,32,'ps5pt@gmail.com','M','Haylie Legros','057-625-0065'),
(42,11,'0odjj@gmail.com','F','Nyah Padberg','944.341.2840'),
(43,43,'kv6a7@gmail.com','M','Monica Roberts','(090) 277-6169'),
(44,49,'8dowe@gmail.com','F','Madisen Schmitt','350-251-9823'),
(45,0,'1uk4g@gmail.com','M','Vern Langosh','209.946.2156'),
(46,46,'6u1b9@gmail.com','F','Wilburn Cruickshank','341-548-8543'),
(47,41,'oof9e@gmail.com','F','Mrs. Nicholas Mayert','1-138-220-4429'),
(48,33,'mp5j6@gmail.com','M','Derick King','386-782-9464'),
(49,52,'l6w8f@gmail.com','F','Amely DAmore','1-476-338-9687'),
(50,31,'oth2x@gmail.com','F','Jaiden Lesch','1-345-215-2571'),
(51,40,'j2s6i@gmail.com','F','Frida Schuppe','130-616-7841'),
(52,22,'9wzae@gmail.com','M','Torrey Feeney','(454) 448-8161'),
(53,33,'lv9uy@gmail.com','M','Malcolm MacGyver','797-585-6674'),
(54,33,'touhe@gmail.com','F','Myrna Donnelly Jr.','412-832-2673'),
(55,42,'7cmnb@gmail.com','F','Cheyanne OKeefe','159.116.8208'),
(56,18,'0j5kk@gmail.com','M','Toni Little','1-844-486-8058'),
(57,25,'sg7kq@gmail.com','M','Miss Jabari Zemlak','251.854.9192'),
(58,3,'i83ue@gmail.com','F','Ms. Daphney Konopelski','1-687-195-6084'),
(59,20,'om0iq@gmail.com','M','Dr. Leonard Roob','932.941.5438'),
(60,13,'ifblr@gmail.com','F','Stephan Purdy Sr.','1-716-782-3835'),
(61,27,'75i5u@gmail.com','F','Jonathon Kirlin','(760) 390-7295'),
(62,32,'kyzxl@gmail.com','F','Desmond Windler','799-972-5901'),
(63,51,'ldcei@gmail.com','F','Lincoln Nitzsche','(263) 462-2774'),
(64,4,'10kbf@gmail.com','M','Lempi Lesch DVM','190.681.6715'),
(65,13,'ywa4a@gmail.com','M','Carey Konopelski','1-086-446-4264'),
(66,22,'tgvtn@gmail.com','M','Dorthy Klein','874.533.8125'),
(67,30,'wr5om@gmail.com','M','Angelo Batz','1-921-939-1622'),
(68,20,'zkrp3@gmail.com','M','Kathleen OKon','(757) 979-9220'),
(69,44,'c5h9p@gmail.com','F','Antonio Kirlin','(647) 302-9370'),
(70,44,'o9jrr@gmail.com','M','Mitchel Weimann','673.667.0921'),
(71,42,'5nsj9@gmail.com','F','Mr. Bettie Breitenberg','1-478-279-6098'),
(72,49,'xd821@gmail.com','F','Mac Mertz','(274) 114-0051'),
(73,2,'aua3n@gmail.com','M','Lorine Stanton V','1-926-578-2368'),
(74,12,'w485n@gmail.com','F','Jordyn Stoltenberg','1-150-207-4934'),
(75,18,'f8hfa@gmail.com','F','Myrtis Ziemann','1-392-010-1369'),
(76,19,'h20c0@gmail.com','F','Darrion Leannon','(528) 589-3406'),
(77,25,'0yn65@gmail.com','F','Mrs. Giovanni Sauer','709-592-3696'),
(78,41,'jq0yc@gmail.com','F','Lonny Stroman IV','217-216-5495'),
(79,50,'cleku@gmail.com','M','Chelsie Barrows','(368) 640-9346'),
(80,49,'77uyf@gmail.com','M','Van Prosacco','365-466-9579'),
(81,29,'p0lru@gmail.com','M','Floyd Parisian','(575) 478-8939'),
(82,35,'0n0vp@gmail.com','M','Payton Bode I','1-427-991-5370'),
(83,13,'zzo9k@gmail.com','F','Paxton Olson','111-451-0513'),
(84,45,'zfx1e@gmail.com','M','Elliott Hackett','084-557-3692'),
(85,25,'7yuud@gmail.com','M','Emmett Koch','1-960-881-0365'),
(86,4,'7emq0@gmail.com','M','Uriel Kovacek','1-214-008-3505'),
(87,18,'fyai4@gmail.com','F','Johnson Collier','1-750-137-6554'),
(88,49,'lq5x3@gmail.com','F','Elnora Legros','608-282-3393'),
(89,34,'pwjte@gmail.com','M','Frederic Boehm MD','(739) 907-8152'),
(90,20,'8mgyf@gmail.com','M','Rahsaan Bergnaum','474.485.9530'),
(91,32,'yq6ao@gmail.com','F','Eugene Torp','735-354-9333'),
(92,30,'aeqvu@gmail.com','M','Raquel Upton','942.174.8167'),
(93,16,'1xee9@gmail.com','F','Caleb Cremin DDS','845.477.6810'),
(94,14,'ukaqp@gmail.com','M','Easter Gulgowski','(393) 583-9853'),
(95,54,'0l89m@gmail.com','F','Edwardo Pacocha','1-879-045-1410'),
(96,2,'7981z@gmail.com','M','Carlo Runolfsdottir','1-992-965-5581'),
(97,13,'dzh97@gmail.com','F','Freeda Grant DDS','1-196-138-5723'),
(98,54,'xeie8@gmail.com','F','Lera Bahringer','1-386-358-6896'),
(99,30,'zf825@gmail.com','M','Imelda Stracke','948.319.8918'),
(100,41,'hyykg@gmail.com','M','Golda Morar','1-880-848-3993');

INSERT into hotel(`id`, `avaliable_time`, `location`, `manager_id`, `name`, `number_of_rooms`, `phone_number`, `rating_score`)
  VALUES
(1,'11:15:14','Suite 034 4843 Kenyon Divide, New Dejaton, WY 72317-6375',99,'Greenfelder and Sons Hotel',32,'526.276.5480',7),
(2,'5:38:54','Apt. 706 22084 Jamison Parkway, East Barton, MD 14949',98,'Nicolas-Nicolas Hotel',40,'546-791-7655',0),
(3,'0:32:57','6889 MacGyver Loaf, Smithland, SC 45933-5320',97,'Rolfson-Rolfson Hotel',9,'(076) 995-8211',8),
(4,'22:14:42','64569 Lorenzo Lights, Keenanport, IN 54946-5963',96,'Kutch Inc Hotel',51,'1-019-331-8012',2),
(5,'7:34:20','Suite 940 5524 Enrico Points, Jermeyport, SC 34711-2414',95,'Walker-Walker Hotel',25,'(833) 157-3570',1),
(6,'16:13:21','Apt. 591 7131 Collier Plains, Cristobalborough, AZ 37256',94,'Moen, Moen and Moen Hotel',8,'(223) 117-9380',9),
(7,'7:2:58','Apt. 304 8111 Hermiston Spring, Lillianastad, AK 15231-3305',93,'Morissette, Morissette and Morissette Hotel',20,'300.469.4065',10),
(8,'7:53:29','417 Jerde Greens, Port Yessenia, CO 46769',92,'Marquardt-Marquardt Hotel',56,'1-709-562-5362',10),
(9,'12:53:38','Suite 501 8307 Huel Cliffs, South General, MO 44324-9283',91,'Schroeder, Schroeder and Schroeder Hotel',20,'(669) 340-9117',5),
(10,'11:9:10','Apt. 590 382 Harvey Landing, Bechtelarbury, CA 81018',90,'McKenzie LLC Hotel',11,'(231) 235-7436',3),
(11,'18:36:45','Apt. 809 2772 Khalid Mountain, Port Ahmed, NY 54396',89,'Davis Group Hotel',16,'658.114.0760',9),
(12,'5:43:15','Suite 534 799 Bergnaum Wall, North Ludie, ME 91217-4664',88,'Kunde, Kunde and Kunde Hotel',8,'544-012-2836',0),
(13,'22:27:59','4581 Rosenbaum Skyway, East Lloyd, WY 35024-8978',87,'Sawayn, Sawayn and Sawayn Hotel',34,'1-412-048-4610',8),
(14,'18:50:1','694 Schaden Stream, Morissetteville, NV 71054',86,'Simonis LLC Hotel',2,'057.633.9101',8),
(15,'3:12:49','954 Grimes Valley, Kelsieton, TX 24092-4265',85,'Lueilwitz, Lueilwitz and Lueilwitz Hotel',55,'901.808.9347',10),
(16,'2:57:19','Apt. 869 93475 OHara Lakes, Deckowport, IL 21632',84,'Johnson-Johnson Hotel',19,'(255) 672-1640',8),
(17,'9:40:40','8309 Loyal Mountain, Port Yazmin, ME 14763',83,'Cruickshank-Cruickshank Hotel',24,'1-229-802-6711',8),
(18,'20:23:11','17326 Adele Lights, Kemmerport, KS 35851',82,'Smith Inc Hotel',15,'626.846.0657',0),
(19,'4:26:36','Suite 746 6324 Schroeder Rue, New Willa, MT 08304',81,'Predovic and Sons Hotel',50,'1-086-099-7060',4),
(20,'4:19:6','907 Ortiz Parkways, Rempelburgh, UT 31670-5132',80,'Waters, Waters and Waters Hotel',0,'732-940-5855',3),
(21,'23:20:36','83470 Moriah Ferry, Langworthhaven, IA 29477-2876',79,'Hills LLC Hotel',45,'244-633-7650',6),
(22,'2:52:5','Suite 293 780 Trisha Wall, New Reecechester, DE 00814-2539',78,'Hegmann-Hegmann Hotel',12,'(497) 436-9257',6),
(23,'3:33:36','73854 Hayes Knolls, Wildermanmouth, KS 70946',77,'Tromp-Tromp Hotel',32,'317.547.4199',5),
(24,'10:23:12','238 Littel Burg, Abbigailborough, DE 72980-7499',76,'Stark-Stark Hotel',68,'1-459-066-6098',1),
(25,'13:23:12','Apt. 654 99927 Sandrine Land, New Morrisland, TN 10697-7691',75,'Hickle-Hickle Hotel',37,'865-133-2445',6),
(26,'20:31:1','Apt. 644 2212 Hammes Parks, Mitchellville, TN 93809',74,'Rosenbaum and Sons Hotel',24,'865-386-8386',4),
(27,'1:18:40','Suite 924 889 Michel Harbor, West Merl, NH 88146-3049',73,'Volkman-Volkman Hotel',4,'1-872-536-9653',0),
(28,'10:21:52','Apt. 391 322 Rachel Locks, East Winonastad, AR 08138-9397',72,'Kilback LLC Hotel',44,'975.676.2844',8),
(29,'5:22:28','Suite 963 739 Hagenes Turnpike, North Bennieberg, PA 60382-1863',71,'Schmitt, Schmitt and Schmitt Hotel',14,'571.061.8542',10),
(30,'22:58:24','Suite 634 297 Ofelia Forge, West Alaynahaven, VA 10980',70,'Witting, Witting and Witting Hotel',43,'(299) 072-7248',6),
(31,'12:10:59','716 Erin Corner, Barrettshire, FL 94445-0319',69,'Lesch-Lesch Hotel',17,'(077) 590-6254',6),
(32,'4:0:16','8682 Reilly Dale, North Kory, IA 57930',68,'OConnell-OConnell Hotel',53,'647.139.8042',5),
(33,'14:41:30','3383 Larissa Center, South Drew, KY 93268',67,'Lockman Inc Hotel',27,'808.375.4195',10),
(34,'23:48:5','6355 Bobbie Brooks, Sporerhaven, MA 15438-6645',66,'Bednar, Bednar and Bednar Hotel',54,'131.493.0532',9),
(35,'6:21:14','Suite 378 8361 Hirthe Brook, North Myra, VA 67613-7439',65,'Ullrich, Ullrich and Ullrich Hotel',40,'466-505-3251',5),
(36,'8:26:38','Suite 597 5540 Cummings Summit, Port Letitia, PA 88655-8311',64,'Kemmer-Kemmer Hotel',5,'(204) 820-6160',1),
(37,'12:47:22','07095 Paula Well, Port Isabella, FL 12782-6102',63,'Trantow-Trantow Hotel',48,'1-250-846-9699',0),
(38,'2:34:20','65239 Homenick Manor, East Armand, TX 52330-3617',62,'Jerde, Jerde and Jerde Hotel',43,'1-632-546-8201',2),
(39,'5:58:12','32048 Ashley Highway, East Dejaland, TN 79396-9656',61,'Corkery-Corkery Hotel',15,'413-969-2877',3),
(40,'21:46:31','Apt. 944 771 Ledner Rest, New Ulisesmouth, GA 17698',60,'Hartmann Inc Hotel',60,'840-758-4386',2),
(41,'1:57:14','44004 Glenna Lodge, Charliestad, CA 03518-6693',59,'Mann LLC Hotel',7,'355-957-6096',8),
(42,'12:16:40','Apt. 424 6175 Crist Island, Wilfordborough, CO 33795-5095',58,'Lehner and Sons Hotel',57,'1-886-937-8725',3),
(43,'11:39:23','Suite 733 381 Alvis Overpass, Joanabury, UT 76927-3361',57,'Lebsack, Lebsack and Lebsack Hotel',37,'547.696.5544',8),
(44,'14:49:43','Apt. 239 3626 Arnoldo Lock, East Ransom, NJ 48959-6663',56,'Rodriguez-Rodriguez Hotel',32,'(741) 986-4699',5),
(45,'7:34:56','Suite 819 4511 Labadie Plaza, Parisiantown, WY 72295-5778',55,'Kling-Kling Hotel',39,'326-434-5307',9),
(46,'3:43:14','Suite 054 0635 Leola Course, OConnellstad, SD 49723-2333',54,'Zulauf, Zulauf and Zulauf Hotel',59,'1-866-801-8297',10),
(47,'5:28:21','194 Dietrich Rue, Lake Carroll, AZ 70995',53,'Cole, Cole and Cole Hotel',65,'847.841.5973',1),
(48,'0:13:43','Apt. 356 486 Rocio Fields, Gutmannville, SD 04552-6214',52,'Breitenberg, Breitenberg and Breitenberg Hotel',62,'602.266.9095',4),
(49,'10:10:42','Suite 141 4928 Schaden Courts, South Griffin, WV 18038',51,'Lind, Lind and Lind Hotel',42,'1-003-174-4068',6),
(50,'17:10:36','Suite 824 04534 Madisen Glen, Lake Carissahaven, MN 48658-2980',50,'Cruickshank, Cruickshank and Cruickshank Hotel',68,'1-316-745-6867',8),
(51,'3:33:44','Suite 059 89633 Monahan Harbors, Mustafaberg, WY 81526-7451',49,'Lebsack, Lebsack and Lebsack Hotel',47,'(640) 602-4025',3),
(52,'3:44:0','Apt. 488 0203 Roberta Extension, Gretchenton, WV 25299',48,'Koepp-Koepp Hotel',16,'(676) 981-9340',3),
(53,'1:48:32','Suite 102 712 Serenity Lights, South Simview, NM 99630-6212',47,'Bogisich, Bogisich and Bogisich Hotel',27,'604-651-2149',5),
(54,'4:6:39','80206 Donnelly Stream, Ashleyburgh, HI 85763',46,'Smith-Smith Hotel',44,'1-087-936-1585',3),
(55,'6:51:57','Suite 420 629 Stamm Knoll, Emeryfurt, NV 53686',45,'Bahringer and Sons Hotel',19,'638.615.2767',1),
(56,'12:7:19','912 Schinner Plains, Port Adeleview, OR 23014',44,'Weissnat LLC Hotel',0,'052.816.1144',4),
(57,'2:56:34','Apt. 732 232 Kuhn Summit, Taylormouth, NC 42609',43,'Gulgowski, Gulgowski and Gulgowski Hotel',58,'1-735-625-8527',0),
(58,'22:54:56','Suite 726 61565 Lebsack Fords, Libbyfort, TX 61306',42,'Kemmer-Kemmer Hotel',11,'976-755-3357',4),
(59,'0:52:33','Suite 159 989 Scotty Mount, East Kaley, AK 30451',41,'Farrell, Farrell and Farrell Hotel',64,'(741) 451-7804',8),
(60,'2:0:0','17585 Allie Shoal, West Karianneton, TX 97877-8003',40,'Ebert, Ebert and Ebert Hotel',54,'444-015-4408',4),
(61,'16:20:55','2065 Hoppe Shoals, West Lottieberg, MO 77378',39,'Friesen, Friesen and Friesen Hotel',47,'1-325-358-0513',3),
(62,'8:33:32','22302 Penelope Mount, East Terrellville, NV 02296-6338',38,'Prosacco, Prosacco and Prosacco Hotel',59,'915-847-7914',2),
(63,'15:3:5','036 Annabelle Orchard, New Doylestad, ME 98701',37,'Bednar-Bednar Hotel',10,'473.058.1757',2),
(64,'8:17:6','Apt. 981 793 Corkery Shore, North Madyson, AK 96562',36,'Ratke, Ratke and Ratke Hotel',40,'1-747-445-5029',6),
(65,'23:34:24','Apt. 965 8865 Murray Mountains, Brittanyview, NH 19998-6072',35,'Little-Little Hotel',56,'(341) 143-6107',10),
(66,'10:27:45','623 Littel Wells, McDermottbury, CA 56269',34,'Langosh-Langosh Hotel',16,'1-019-747-1644',9),
(67,'7:47:56','Apt. 999 33063 Hauck Isle, Nienowmouth, PA 82052',33,'Ratke-Ratke Hotel',23,'363.043.3104',2),
(68,'16:57:36','88179 Johns Parkways, West Karl, MO 83397-7443',32,'Kassulke LLC Hotel',55,'(699) 837-5267',5),
(69,'17:41:37','Apt. 336 72631 Volkman Park, Strackeborough, SD 77165-4517',31,'Okuneva-Okuneva Hotel',2,'451.831.4308',4),
(70,'2:46:22','939 Keagan Spur, New Bruce, OK 15852',30,'Lesch-Lesch Hotel',34,'168.842.0763',3),
(71,'14:35:51','3434 Josianne Extensions, North Beauborough, ID 26842',29,'Shanahan LLC Hotel',54,'(695) 604-5755',7),
(72,'18:49:7','Apt. 819 796 Ward Roads, Sporerberg, IN 88356',28,'Johnson, Johnson and Johnson Hotel',68,'731.667.6240',4),
(73,'22:1:1','Apt. 779 36226 Johnathan Forest, Winfieldstad, AL 64043',27,'Stroman-Stroman Hotel',16,'778.639.4412',5),
(74,'10:55:34','Apt. 897 187 Kassulke Manors, New Marciahaven, WV 26819',26,'Gutkowski LLC Hotel',48,'1-257-186-6942',0),
(75,'15:11:30','Suite 182 4889 Alexandrine Burg, Bartolettichester, IA 24143-0335',25,'Smitham-Smitham Hotel',35,'1-668-893-5622',0),
(76,'21:52:59','38564 Richard Square, Maudton, PA 55391',24,'Kshlerin and Sons Hotel',16,'(544) 543-9384',1),
(77,'12:2:20','45862 Isaiah Garden, East Andresport, AZ 45389-8780',23,'Stracke, Stracke and Stracke Hotel',46,'537.666.0764',10),
(78,'9:12:48','1438 Taryn Burgs, Port Fanniechester, DE 45838',22,'Schowalter Inc Hotel',11,'1-686-122-6756',1),
(79,'3:21:1','Apt. 260 7901 Sauer Burg, South Bradyhaven, GA 00703',21,'Block, Block and Block Hotel',47,'890-428-3762',6),
(80,'20:22:22','Apt. 633 3457 Hansen Islands, Carmellaside, NM 55958-5727',20,'Parisian-Parisian Hotel',23,'1-520-124-0001',4),
(81,'3:49:1','804 Dickinson Place, Kertzmannville, NV 11435-8848',19,'Steuber-Steuber Hotel',35,'103-519-2079',3),
(82,'1:19:44','Apt. 371 9336 Sauer Drive, OKeefestad, IA 61938',18,'Hahn-Hahn Hotel',8,'545-552-6440',6),
(83,'0:56:55','Suite 121 212 Dovie Valley, Staceyton, HI 78041-4597',17,'Kreiger, Kreiger and Kreiger Hotel',15,'456-192-9053',9),
(84,'18:56:35','Suite 729 08963 Reagan Canyon, East Kayfort, ND 88944-9085',16,'McDermott, McDermott and McDermott Hotel',42,'940.413.9972',9),
(85,'14:50:0','02147 Ocie Ridges, Lake Demarcofurt, NV 98885-5996',15,'Larson-Larson Hotel',6,'1-016-888-3942',3),
(86,'19:20:42','639 Stuart Unions, New Selina, WA 45184-2111',14,'Buckridge-Buckridge Hotel',5,'675-903-4883',1),
(87,'17:41:55','88545 Green Glens, South Abbeyberg, NC 04909-4473',13,'Ruecker and Sons Hotel',5,'1-415-591-3108',5),
(88,'12:1:8','015 Ocie Vista, North Auroreview, WA 52812-2125',12,'Abshire and Sons Hotel',17,'1-140-507-9456',7),
(89,'2:33:36','Suite 175 5450 Hermiston Hollow, Schuppechester, AZ 02884-8871',11,'Strosin, Strosin and Strosin Hotel',31,'047.623.9305',10),
(90,'1:2:57','2876 DAmore Dale, Joannietown, MD 66968',10,'Bradtke-Bradtke Hotel',66,'862-193-0470',1),
(91,'11:29:28','Apt. 255 521 Moen Flats, New Doloreschester, IA 39675',9,'Frami, Frami and Frami Hotel',51,'(517) 144-2759',0),
(92,'8:8:39','Suite 804 84856 Schaefer Radial, Howardstad, MS 36811-3785',8,'MacGyver-MacGyver Hotel',0,'496-204-1144',1),
(93,'8:17:19','Apt. 588 41960 MacGyver Squares, Lake Emmie, WV 48018',7,'Bauch Group Hotel',34,'941.981.3490',10),
(94,'18:53:20','Apt. 111 5068 Diana Walk, Altenwerthshire, ID 39055',6,'Stark, Stark and Stark Hotel',23,'878-202-1541',1),
(95,'0:22:10','Suite 559 4576 Missouri Shores, Faheyberg, NM 76205',5,'Waelchi Group Hotel',49,'194.139.0042',1),
(96,'3:1:41','58156 Payton Fall, Madisenmouth, PA 65319-4498',4,'Rath Inc Hotel',66,'(082) 080-6355',10),
(97,'6:31:5','6506 Lindgren Street, Lessiechester, PA 47506-1495',3,'Jacobi LLC Hotel',25,'1-763-255-9342',3),
(98,'1:19:48','Apt. 963 4418 Lucio Way, New Carey, AZ 87713',2,'Boyer-Boyer Hotel',30,'609-985-2023',5),
(99,'10:27:56','7891 Rau Drives, Hicklefurt, OK 18306-4055',1,'Casper, Casper and Casper Hotel',20,'243.921.3952',5),
(100,'22:50:58','3254 Abby Field, South Carson, MN 17384-4344',0,'Bartoletti Group Hotel',11,'(233) 080-1315',2),
(101,'11:48:47','Apt. 876 730 Karina Ranch, Lake Johnathon, KS 53166',-1,'Haley-Haley Hotel',35,'543-305-8179',10),
(102,'2:26:7','52389 Nicklaus Green, West Isac, CO 75156-2402',-2,'Glover-Glover Hotel',28,'782.048.6191',3);



INSERT into manager(`id`, `name`, `phone_number`, `hotel_id`)
values
(1,'Jaydon Kuhic','(129) 598-8792 x228',99),
(2,'Mrs. Laurence Luettgen','446-520-6690 x79033',98),
(3,'Juvenal Rath','558.089.4528 x0050',97),
(4,'Candelario Rowe','855.981.3105 x83593',96),
(5,'Mrs. Frances Emmerich','1-460-816-0046',95),
(6,'Jovany Batz','(536) 485-8193 x3096',94),
(7,'Jessica Durgan','1-101-787-3080 x8825',93),
(8,'Pearl Dietrich','663.887.3346',92),
(9,'Eusebio Jaskolski','(225) 430-1906 x9113',91),
(10,'Maxie Labadie','(408) 221-7794',90),
(11,'Lilly Steuber III','998.758.0165',89),
(12,'Bette Tremblay','1-420-661-3029 x92825',88),
(13,'Irwin Metz MD','521-679-1198 x225',87),
(14,'Lesly McLaughlin','834-714-8705',86),
(15,'Elian Wisozk','092-659-4478',85),
(16,'Aaliyah King MD','(548) 665-0917',84),
(17,'Arvel Hudson','722.772.8191',83),
(18,'Miss Camille Stroman','1-495-947-7007 x3639',82),
(19,'Deanna Buckridge','492.163.7170 x382',81),
(20,'Ms. Kaycee Marvin','1-175-185-3084 x26025',80),
(21,'Lauriane Konopelski','1-713-552-9464 x6119',79),
(22,'Dr. Emanuel Jakubowski','(013) 813-4817',78),
(23,'Brandi Beer II','609-204-6792',77),
(24,'Kariane Stehr','627.606.9191 x5330',76),
(25,'Gage Tremblay PhD','260.772.5091 x85163',75),
(26,'Dax Pacocha','194-463-8284 x08802',74),
(27,'Jovan Pagac','1-717-031-1723 x8789',73),
(28,'Halle Senger DDS','435.508.9314 x3622',72),
(29,'Tara Schulist','(525) 668-6506 x35722',71),
(30,'Princess Hilll','(157) 467-6879 x09030',70),
(31,'Layne Kulas I','(487) 166-3440 x399',69),
(32,'Stella Kuhic','1-650-553-1797 x5870',68),
(33,'Providenci Cruickshank','1-006-169-2840 x4461',67),
(34,'Mrs. Webster Collins','1-040-240-9988 x977',66),
(35,'Jazmin White DDS','120.720.4538',65),
(36,'Jonathan Torp','1-783-273-4148',64),
(37,'Roslyn Little','(667) 783-4885 x2089',63),
(38,'Stephan Rippin','169-160-2659 x8692',62),
(39,'Dayna Ankunding','893-288-7909 x2539',61),
(40,'Giles Wyman','1-084-758-0453',60),
(41,'Dana Lemke','1-027-072-3942 x13816',59),
(42,'Orland Schimmel','(644) 666-3180',58),
(43,'Berry Heidenreich','114-279-5660 x16279',57),
(44,'Sebastian Kirlin','979-434-9824',56),
(45,'Erling Frami','1-486-344-2216 x89693',55),
(46,'Erik Kshlerin','(742) 062-7457 x764',54),
(47,'Josie Bins','080-968-9587 x659',53),
(48,'Destiny White','389.986.5504',52),
(49,'Carolina Jast','061-839-2048',51),
(50,'Veronica Kuvalis','(407) 298-9557 x14851',50),
(51,'Oleta Rau','(323) 641-2180 x223',49),
(52,'Maegan Tillman','1-164-087-7943 x9484',48),
(53,'Dr. Lina Stehr','675.735.4702',47),
(54,'Jalen Hilll','1-750-991-4326 x4024',46),
(55,'Jasen Lind DVM','1-424-456-2023',45),
(56,'Bartholome Steuber','934.234.1067',44),
(57,'Eudora Dietrich','1-591-028-8150 x3327',43),
(58,'Gardner Okuneva V','1-216-723-3509 x28580',42),
(59,'Dameon Kub','1-651-906-9521 x0664',41),
(60,'Ms. Felipe Jast','848-494-0017',40),
(61,'Ewell OKon','939.078.9680 x38091',39),
(62,'Layla Kling','(795) 624-9064',38),
(63,'Izaiah Kub','490.696.0292 x002',37),
(64,'Annette Nitzsche','1-859-501-8560',36),
(65,'Jaylan Macejkovic','(634) 249-6906 x54110',35),
(66,'Kendra Treutel','(858) 828-1255 x125',34),
(67,'Zane Skiles Sr.','(670) 922-4671 x5316',33),
(68,'Stan Legros','1-615-635-0342 x090',32),
(69,'Joelle Wiegand II','(832) 766-5177',31),
(70,'Rosalinda Heller','746.623.7556 x76570',30),
(71,'Jedidiah Lehner','(461) 575-7695',29),
(72,'Mrs. Esperanza Bartoletti','(813) 303-2843 x21270',28),
(73,'Juvenal Lueilwitz','1-100-603-8317 x86769',27),
(74,'Lorena Boyle','1-462-013-1740 x234',26),
(75,'Mrs. Carmine Kshlerin','(646) 152-6346 x09321',25),
(76,'Consuelo Trantow','(494) 608-7683',24),
(77,'Savanna Schowalter','212.215.7789',23),
(78,'Arch Zemlak DDS','222-260-0912',22),
(79,'Miss Florian Keeling','533-408-6646 x983',21),
(80,'Davon Towne','406-123-5180 x84274',20),
(81,'Mattie Hayes','199.972.1128 x307',19),
(82,'Abigail Thiel','986-913-3150 x170',18),
(83,'Katharina Klocko Sr.','(330) 397-5369 x756',17),
(84,'Emelie Kilback','852.541.6300 x57467',16),
(85,'Dane Terry','272.726.2842 x3996',15),
(86,'Harvey Hyatt','635-307-7359 x1746',14),
(87,'Aidan Ullrich','170.291.5674 x16132',13),
(88,'Celestino OKon','1-339-866-9252 x967',12),
(89,'Kieran Schimmel','1-292-897-8435 x716',11),
(90,'Cedrick Huel','1-740-202-5395 x93773',10),
(91,'Henriette Rice','(306) 040-3309',9),
(92,'Luna Parisian','579-112-3102 x9367',8),
(93,'Sabryna Heidenreich','628.842.7473 x331',7),
(94,'Mr. Merle Cassin','(825) 458-5127',6),
(95,'Ms. Enrique Kautzer','977.122.2120 x1883',5),
(96,'Brandy Rutherford','371.267.6926 x69783',4),
(97,'Mr. Lucas Pacocha','635-184-9576 x59357',3),
(98,'Burnice Murazik','060.213.8720 x690',2),
(99,'Mr. Merle Bradtke','720.633.2626',1),
(100,'Caitlyn OReilly','188-198-9887',0);

INSERT INTO reserve (`id`, `check_in`, `check_out`, `payment_type`, `hotel_id`, `customerid`)
VALUES
  (1,'1900-01-01 00:00:00','1910-01-01 22:00:00','CREDIT_CARD',0,99),
  (2,'1900-01-01 00:00:00','1910-01-01 22:00:00','CASH',1,98),
  (3,'1900-01-01 00:00:00','1910-01-01 22:00:00','CREDIT_CARD',2,97),
  (4,'1900-01-01 00:00:00','1910-01-01 22:00:00','CREDIT_CARD',3,96),
  (5,'1900-01-01 00:00:00','1910-01-01 22:00:00','CREDIT_CARD',4,95),
  (6,'1900-01-01 00:00:00','1910-01-01 22:00:00','CREDIT_CARD',5,94),
  (7,'1900-01-01 00:00:00','1910-01-01 22:00:00','CASH',6,93),
  (8,'1900-01-01 00:00:00','1910-01-01 22:00:00','CREDIT_CARD',7,92),
  (9,'1900-01-01 00:00:00','1910-01-01 22:00:00','CASH',8,91),
  (10,'1900-01-01 00:00:00','1910-01-01 22:00:00','CREDIT_CARD',9,90),
  (11,'1900-01-01 00:00:00','1910-01-01 22:00:00','CASH',10,89),
  (12,'1900-01-01 00:00:00','1910-01-01 22:00:00','CASH',11,88),
  (13,'1900-01-01 00:00:00','1910-01-01 22:00:00','CASH',12,87),
  (14,'1900-01-01 00:00:00','1910-01-01 22:00:00','CREDIT_CARD',13,86),
  (15,'1900-01-01 00:00:00','1910-01-01 22:00:00','CASH',14,85),
  (16,'1900-01-01 00:00:00','1910-01-01 22:00:00','CASH',15,84),
  (17,'1900-01-01 00:00:00','1910-01-01 22:00:00','CASH',16,83),
  (18,'1900-01-01 00:00:00','1910-01-01 22:00:00','CASH',17,82),
  (19,'1900-01-01 00:00:00','1910-01-01 22:00:00','CREDIT_CARD',18,81),
  (20,'1900-01-01 00:00:00','1910-01-01 22:00:00','CREDIT_CARD',19,80),
  (21,'1900-01-01 00:00:00','1910-01-01 22:00:00','CREDIT_CARD',20,79),
  (22,'1900-01-01 00:00:00','1910-01-01 22:00:00','CREDIT_CARD',21,78),
  (23,'1900-01-01 00:00:00','1910-01-01 22:00:00','CREDIT_CARD',22,77),
  (24,'1900-01-01 00:00:00','1910-01-01 22:00:00','CASH',23,76),
  (25,'1900-01-01 00:00:00','1910-01-01 22:00:00','CREDIT_CARD',24,75),
  (26,'1900-01-01 00:00:00','1910-01-01 22:00:00','CASH',25,74),
  (27,'1900-01-01 00:00:00','1910-01-01 22:00:00','CREDIT_CARD',26,73),
  (28,'1900-01-01 00:00:00','1910-01-01 22:00:00','CASH',27,72),
  (29,'1900-01-01 00:00:00','1910-01-01 22:00:00','CREDIT_CARD',28,71),
  (30,'1900-01-01 00:00:00','1910-01-01 22:00:00','CASH',29,70),
  (31,'1900-01-01 00:00:00','1910-01-01 22:00:00','CASH',30,69),
  (32,'1900-01-01 00:00:00','1910-01-01 22:00:00','CREDIT_CARD',31,68),
  (33,'1900-01-01 00:00:00','1910-01-01 22:00:00','CASH',32,67),
  (34,'1900-01-01 00:00:00','1910-01-01 22:00:00','CREDIT_CARD',33,66),
  (35,'1900-01-01 00:00:00','1910-01-01 22:00:00','CREDIT_CARD',34,65),
  (36,'1900-01-01 00:00:00','1910-01-01 22:00:00','CREDIT_CARD',35,64),
  (37,'1900-01-01 00:00:00','1910-01-01 22:00:00','CREDIT_CARD',36,63),
  (38,'1900-01-01 00:00:00','1910-01-01 22:00:00','CREDIT_CARD',37,62),
  (39,'1900-01-01 00:00:00','1910-01-01 22:00:00','CREDIT_CARD',38,61),
  (40,'1900-01-01 00:00:00','1910-01-01 22:00:00','CREDIT_CARD',39,60),
  (41,'1900-01-01 00:00:00','1910-01-01 22:00:00','CASH',40,59),
  (42,'1900-01-01 00:00:00','1910-01-01 22:00:00','CASH',41,58),
  (43,'1900-01-01 00:00:00','1910-01-01 22:00:00','CASH',42,57),
  (44,'1900-01-01 00:00:00','1910-01-01 22:00:00','CREDIT_CARD',43,56),
  (45,'1900-01-01 00:00:00','1910-01-01 22:00:00','CASH',44,55),
  (46,'1900-01-01 00:00:00','1910-01-01 22:00:00','CREDIT_CARD',45,54),
  (47,'1900-01-01 00:00:00','1910-01-01 22:00:00','CREDIT_CARD',46,53),
  (48,'1900-01-01 00:00:00','1910-01-01 22:00:00','CASH',47,52),
  (49,'1900-01-01 00:00:00','1910-01-01 22:00:00','CREDIT_CARD',48,51),
  (50,'1900-01-01 00:00:00','1910-01-01 22:00:00','CASH',49,50),
  (51,'1900-01-01 00:00:00','1910-01-01 22:00:00','CREDIT_CARD',50,49),
  (52,'1900-01-01 00:00:00','1910-01-01 22:00:00','CASH',51,48),
  (53,'1900-01-01 00:00:00','1910-01-01 22:00:00','CASH',52,47),
  (54,'1900-01-01 00:00:00','1910-01-01 22:00:00','CASH',53,46),
  (55,'1900-01-01 00:00:00','1910-01-01 22:00:00','CREDIT_CARD',54,45),
  (56,'1900-01-01 00:00:00','1910-01-01 22:00:00','CASH',55,44),
  (57,'1900-01-01 00:00:00','1910-01-01 22:00:00','CREDIT_CARD',56,43),
  (58,'1900-01-01 00:00:00','1910-01-01 22:00:00','CREDIT_CARD',57,42),
  (59,'1900-01-01 00:00:00','1910-01-01 22:00:00','CASH',58,41),
  (60,'1900-01-01 00:00:00','1910-01-01 22:00:00','CREDIT_CARD',59,40),
  (61,'1900-01-01 00:00:00','1910-01-01 22:00:00','CASH',60,39),
  (62,'1900-01-01 00:00:00','1910-01-01 22:00:00','CREDIT_CARD',61,38),
  (63,'1900-01-01 00:00:00','1910-01-01 22:00:00','CREDIT_CARD',62,37),
  (64,'1900-01-01 00:00:00','1910-01-01 22:00:00','CASH',63,36),
  (65,'1900-01-01 00:00:00','1910-01-01 22:00:00','CASH',64,35),
  (66,'1900-01-01 00:00:00','1910-01-01 22:00:00','CREDIT_CARD',65,34),
  (67,'1900-01-01 00:00:00','1910-01-01 22:00:00','CASH',66,33),
  (68,'1900-01-01 00:00:00','1910-01-01 22:00:00','CASH',67,32),
  (69,'1900-01-01 00:00:00','1910-01-01 22:00:00','CASH',68,31),
  (70,'1900-01-01 00:00:00','1910-01-01 22:00:00','CASH',69,30),
  (71,'1900-01-01 00:00:00','1910-01-01 22:00:00','CASH',70,29),
  (72,'1900-01-01 00:00:00','1910-01-01 22:00:00','CREDIT_CARD',71,28),
  (73,'1900-01-01 00:00:00','1910-01-01 22:00:00','CASH',72,27),
  (74,'1900-01-01 00:00:00','1910-01-01 22:00:00','CASH',73,26),
  (75,'1900-01-01 00:00:00','1910-01-01 22:00:00','CREDIT_CARD',74,25),
  (76,'1900-01-01 00:00:00','1910-01-01 22:00:00','CREDIT_CARD',75,24),
  (77,'1900-01-01 00:00:00','1910-01-01 22:00:00','CASH',76,23),
  (78,'1900-01-01 00:00:00','1910-01-01 22:00:00','CASH',77,22),
  (79,'1900-01-01 00:00:00','1910-01-01 22:00:00','CREDIT_CARD',78,21),
  (80,'1900-01-01 00:00:00','1910-01-01 22:00:00','CREDIT_CARD',79,20),
  (81,'1900-01-01 00:00:00','1910-01-01 22:00:00','CREDIT_CARD',80,19),
  (82,'1900-01-01 00:00:00','1910-01-01 22:00:00','CREDIT_CARD',81,18),
  (83,'1900-01-01 00:00:00','1910-01-01 22:00:00','CASH',82,17),
  (84,'1900-01-01 00:00:00','1910-01-01 22:00:00','CREDIT_CARD',83,16),
  (85,'1900-01-01 00:00:00','1910-01-01 22:00:00','CASH',84,15),
  (86,'1900-01-01 00:00:00','1910-01-01 22:00:00','CREDIT_CARD',85,14),
  (87,'1900-01-01 00:00:00','1910-01-01 22:00:00','CASH',86,13),
  (88,'1900-01-01 00:00:00','1910-01-01 22:00:00','CREDIT_CARD',87,12),
  (89,'1900-01-01 00:00:00','1910-01-01 22:00:00','CREDIT_CARD',88,11),
  (90,'1900-01-01 00:00:00','1910-01-01 22:00:00','CREDIT_CARD',89,10),
  (91,'1900-01-01 00:00:00','1910-01-01 22:00:00','CASH',90,9),
  (92,'1900-01-01 00:00:00','1910-01-01 22:00:00','CASH',91,8),
  (93,'1900-01-01 00:00:00','1910-01-01 22:00:00','CASH',92,7),
  (94,'1900-01-01 00:00:00','1910-01-01 22:00:00','CREDIT_CARD',93,6),
  (95,'1900-01-01 00:00:00','1910-01-01 22:00:00','CASH',94,5),
  (96,'1900-01-01 00:00:00','1910-01-01 22:00:00','CREDIT_CARD',95,4),
  (97,'1900-01-01 00:00:00','1910-01-01 22:00:00','CREDIT_CARD',96,3),
  (98,'1900-01-01 00:00:00','1910-01-01 22:00:00','CREDIT_CARD',97,2),
  (99,'1900-01-01 00:00:00','1910-01-01 22:00:00','CASH',98,1);